{
  "KNN_baseline": {
    "0": {
      "precision": 0.9992107340173638,
      "recall": 0.9921630094043887,
      "f1-score": 0.9956744003145891,
      "support": 1276.0
    },
    "1": {
      "precision": 0.9942263279445728,
      "recall": 0.9994196169471852,
      "f1-score": 0.9968162083936324,
      "support": 1723.0
    },
    "accuracy": 0.9963321107035679,
    "macro avg": {
      "precision": 0.9967185309809683,
      "recall": 0.995791313175787,
      "f1-score": 0.9962453043541107,
      "support": 2999.0
    },
    "weighted avg": {
      "precision": 0.9963470689078542,
      "recall": 0.9963321107035679,
      "f1-score": 0.9963303974203549,
      "support": 2999.0
    }
  },
  "KNN_optimized": {
    "0": {
      "precision": 1.0,
      "recall": 0.9960815047021944,
      "f1-score": 0.9980369061641147,
      "support": 1276.0
    },
    "1": {
      "precision": 0.9971064814814815,
      "recall": 1.0,
      "f1-score": 0.9985511445957693,
      "support": 1723.0
    },
    "accuracy": 0.9983327775925308,
    "macro avg": {
      "precision": 0.9985532407407407,
      "recall": 0.9980407523510972,
      "f1-score": 0.9982940253799419,
      "support": 2999.0
    },
    "weighted avg": {
      "precision": 0.9983376017314414,
      "recall": 0.9983327775925308,
      "f1-score": 0.9983323489176127,
      "support": 2999.0
    }
  },
  "Naive Bayes_baseline": {
    "0": {
      "precision": 0.9984326018808778,
      "recall": 0.9984326018808778,
      "f1-score": 0.9984326018808778,
      "support": 1276.0
    },
    "1": {
      "precision": 0.9988392338943702,
      "recall": 0.9988392338943702,
      "f1-score": 0.9988392338943702,
      "support": 1723.0
    },
    "accuracy": 0.9986662220740247,
    "macro avg": {
      "precision": 0.9986359178876241,
      "recall": 0.9986359178876241,
      "f1-score": 0.9986359178876241,
      "support": 2999.0
    },
    "weighted avg": {
      "precision": 0.9986662220740247,
      "recall": 0.9986662220740247,
      "f1-score": 0.9986662220740247,
      "support": 2999.0
    }
  },
  "Naive Bayes_optimized": {
    "0": {
      "precision": 0.9992156862745099,
      "recall": 0.9984326018808778,
      "f1-score": 0.9988239905919247,
      "support": 1276.0
    },
    "1": {
      "precision": 0.9988399071925754,
      "recall": 0.9994196169471852,
      "f1-score": 0.999129677980853,
      "support": 1723.0
    },
    "accuracy": 0.9989996665555185,
    "macro avg": {
      "precision": 0.9990277967335426,
      "recall": 0.9989261094140315,
      "f1-score": 0.9989768342863888,
      "support": 2999.0
    },
    "weighted avg": {
      "precision": 0.9989997918569796,
      "recall": 0.9989996665555185,
      "f1-score": 0.9989996155906321,
      "support": 2999.0
    }
  },
  "SVM_baseline": {
    "0": {
      "precision": 1.0,
      "recall": 0.9984326018808778,
      "f1-score": 0.9992156862745099,
      "support": 1276.0
    },
    "1": {
      "precision": 0.998840579710145,
      "recall": 1.0,
      "f1-score": 0.9994199535962877,
      "support": 1723.0
    },
    "accuracy": 0.9993331110370124,
    "macro avg": {
      "precision": 0.9994202898550725,
      "recall": 0.9992163009404389,
      "f1-score": 0.9993178199353987,
      "support": 2999.0
    },
    "weighted avg": {
      "precision": 0.9993338842416072,
      "recall": 0.9993331110370124,
      "f1-score": 0.9993330429252011,
      "support": 2999.0
    }
  },
  "SVM_optimized": {
    "0": {
      "precision": 1.0,
      "recall": 0.9984326018808778,
      "f1-score": 0.9992156862745099,
      "support": 1276.0
    },
    "1": {
      "precision": 0.998840579710145,
      "recall": 1.0,
      "f1-score": 0.9994199535962877,
      "support": 1723.0
    },
    "accuracy": 0.9993331110370124,
    "macro avg": {
      "precision": 0.9994202898550725,
      "recall": 0.9992163009404389,
      "f1-score": 0.9993178199353987,
      "support": 2999.0
    },
    "weighted avg": {
      "precision": 0.9993338842416072,
      "recall": 0.9993331110370124,
      "f1-score": 0.9993330429252011,
      "support": 2999.0
    }
  }
}